<?xml version="1.0"?>
<doc>
    <assembly>
        <name>Snappier</name>
    </assembly>
    <members>
        <member name="T:Snappier.Internal.ByteArrayPoolMemoryOwner">
            <summary>
            Wraps an inner byte array from <see cref="P:System.Buffers.ArrayPool`1.Shared"/>"/> with a limited length.
            </summary>
            <remarks>
            We use this instead of the built-in <see cref="T:System.Buffers.MemoryPool`1"/> because we want to slice the array without
            allocating another wrapping class on the heap.
            </remarks>
        </member>
        <member name="P:Snappier.Internal.ByteArrayPoolMemoryOwner.Memory">
            <inheritdoc />
        </member>
        <member name="M:Snappier.Internal.ByteArrayPoolMemoryOwner.#ctor">
            <summary>
            Create an empty ByteArrayPoolMemoryOwner.
            </summary>
        </member>
        <member name="M:Snappier.Internal.ByteArrayPoolMemoryOwner.#ctor(System.Byte[],System.Int32)">
            <summary>
            Given a byte array from <see cref="P:System.Buffers.ArrayPool`1.Shared"/>, create a ByteArrayPoolMemoryOwner
            which wraps it until disposed and slices it to <paramref name="length"/>.
            </summary>
            <param name="innerArray">An array from the <see cref="P:System.Buffers.ArrayPool`1.Shared"/>.</param>
            <param name="length">The length of the array to return from <see cref="P:Snappier.Internal.ByteArrayPoolMemoryOwner.Memory"/>.</param>
        </member>
        <member name="M:Snappier.Internal.ByteArrayPoolMemoryOwner.Dispose">
            <inheritdoc />
        </member>
        <member name="P:Snappier.Internal.Constants.CharTable">
             <summary>
             Data stored per entry in lookup table:
                  Range   Bits-used       Description
                  ------------------------------------
                  1..64   0..7            Literal/copy length encoded in opcode byte
                  0..7    8..10           Copy offset encoded in opcode byte / 256
                  0..4    11..13          Extra bytes after opcode
            
             We use eight bits for the length even though 7 would have sufficed
             because of efficiency reasons:
                  (1) Extracting a byte is faster than a bit-field
                  (2) It properly aligns copy offset so we do not need a &lt;&lt;8
             </summary>
        </member>
        <member name="M:Snappier.Internal.CopyHelpers.IncrementalCopy(System.Byte@,System.Byte@,System.Byte@,System.Byte@)">
            <summary>
            Copy [src, src+(opEnd-op)) to [op, (opEnd-op)) but faster than
            IncrementalCopySlow. buf_limit is the address past the end of the writable
            region of the buffer. May write past opEnd, but won't write past bufferEnd.
            </summary>
            <param name="source">Pointer to the source point in the buffer.</param>
            <param name="op">Pointer to the destination point in the buffer.</param>
            <param name="opEnd">Pointer to the end of the area to write in the buffer.</param>
            <param name="bufferEnd">Pointer past the end of the buffer.</param>
        </member>
        <member name="M:Snappier.Internal.HashTable.TableEntry(System.UInt16@,System.UInt32,System.UInt32)">
             <summary>
             Given a table of uint16_t whose size is mask / 2 + 1, return a pointer to the
             relevant entry, if any, for the given bytes.  Any hash function will do,
             but a good hash function reduces the number of collisions and thus yields
             better compression for compressible input.
            
             REQUIRES: mask is 2 * (table_size - 1), and table_size is a power of two.
             </summary>
        </member>
        <member name="M:Snappier.Internal.Helpers.ClearAndReturn(System.Byte[],System.Int32)">
            <summary>
            Clears the array and returns it to the pool, clearing only the used portion of the array.
            This is a minor performance optimization to avoid clearing the entire array.
            </summary>
        </member>
        <member name="M:Snappier.Internal.Helpers.Log2SoftwareFallback(System.UInt32)">
            <summary>
            Returns the integer (floor) log of the specified value, base 2.
            Note that by convention, input value 0 returns 0 since Log(0) is undefined.
            Does not directly use any hardware intrinsics, nor does it incur branching.
            </summary>
            <param name="value">The value.</param>
        </member>
        <member name="M:Snappier.Internal.Helpers.Log2Floor(System.UInt32)">
            <summary>
            Return floor(log2(n)) for positive integer n. Returns 0 for the special case n = 0.
            </summary>
        </member>
        <member name="M:Snappier.Internal.Helpers.FindLsbSetNonZero(System.UInt32)">
            <summary>
            Finds the index of the least significant non-zero bit.
            </summary>
        </member>
        <member name="M:Snappier.Internal.Helpers.FindLsbSetNonZero(System.UInt64)">
            <summary>
            Finds the index of the least significant non-zero bit.
            </summary>
        </member>
        <member name="M:Snappier.Internal.SnappyCompressor.FindMatchLength(System.Byte@,System.Byte@,System.Byte@,System.UInt64@)">
             <summary>
             Find the largest n such that
            
               s1[0,n-1] == s2[0,n-1]
               and n &lt;= (s2_limit - s2).
            
             Return (n, n &lt; 8).
             Reads up to and including *s2_limit but not beyond.
             Does not read *(s1 + (s2_limit - s2)) or beyond.
             Requires that s2_limit &gt;= s2.
            
             In addition populate *data with the next 5 bytes from the end of the match.
             This is only done if 8 bytes are available (s2_limit - s2 &gt;= 8). The point is
             that on some arch's this can be done faster in this routine than subsequent
             loading from s2 + n.
             </summary>
        </member>
        <member name="M:Snappier.Internal.SnappyDecompressor.Decompress(System.ReadOnlySpan{System.Byte})">
            <summary>
            Decompress a portion of the input.
            </summary>
            <param name="input">Input to process.</param>
            <remarks>
            The first call to this method after construction or after a call to <see cref="M:Snappier.Internal.SnappyDecompressor.Reset"/> start at the
            beginning of a new Snappy block, leading with the encoded block size. It may be called multiple times
            as more data becomes available. <see cref="P:Snappier.Internal.SnappyDecompressor.AllDataDecompressed"/> will be true once the entire block
            has been processed.
            </remarks>
        </member>
        <member name="M:Snappier.Internal.SnappyDecompressor.ReadUncompressedLength(System.ReadOnlySpan{System.Byte})">
            <summary>
            Read the uncompressed length stored at the start of the compressed data.
            </summary>
            <param name="input">Input data, which should begin with the varint encoded uncompressed length.</param>
            <returns>The length of the uncompressed data.</returns>
            <exception cref="T:System.IO.InvalidDataException">Invalid stream length</exception>
        </member>
        <member name="P:Snappier.Internal.SnappyDecompressor.BufferWriter">
            <summary>
            Buffer writer for the output data. Incompatible with <see cref="M:Snappier.Internal.SnappyDecompressor.ExtractData"/> and <see cref="M:Snappier.Internal.SnappyDecompressor.Read(System.Span{System.Byte})"/>.
            </summary>
        </member>
        <member name="M:Snappier.Internal.SnappyDecompressor.ExtractData">
            <summary>
            Extracts the data from from the block, returning a block of memory and resetting the block.
            </summary>
            <returns>An block of memory. Caller is responsible for disposing.</returns>
            <remarks>
            This provides a more efficient way to decompress an entire block in scenarios where the caller
            wants an owned block of memory and isn't going to reuse the SnappyDecompressor. It avoids the
            need to copy a block of memory calling <see cref="M:Snappier.Internal.SnappyDecompressor.Read(System.Span{System.Byte})"/>.
            </remarks>
        </member>
        <member name="M:Snappier.Internal.SnappyDecompressor.WriteToBufferForTest(System.ReadOnlySpan{System.Byte})">
            <summary>
            Load some data into the output buffer, only used for testing.
            </summary>
            <param name="toWrite"></param>
        </member>
        <member name="M:Snappier.Internal.SnappyDecompressor.LoadScratchForTest(System.Byte[],System.Int32)">
            <summary>
            Load a byte array into _scratch, only used for testing.
            </summary>
        </member>
        <member name="M:Snappier.Internal.SnappyDecompressor.SetExpectedLengthForTest(System.Int32)">
            <summary>
            Only used for testing.
            </summary>
        </member>
        <member name="T:Snappier.Internal.SnappyStreamCompressor">
            <summary>
            Emits the stream format used for Snappy streams.
            </summary>
        </member>
        <member name="M:Snappier.Internal.SnappyStreamCompressor.Write(System.ReadOnlySpan{System.Byte},System.IO.Stream)">
            <summary>
            Processes some input, potentially returning compressed data. Flush must be called when input is complete
            to get any remaining compressed data.
            </summary>
            <param name="input">Uncompressed data to emit.</param>
            <param name="stream">Output stream.</param>
            <returns>A block of memory with compressed data (if any). Must be used before any subsequent call to Write.</returns>
        </member>
        <member name="M:Snappier.Internal.SnappyStreamCompressor.WriteAsync(System.ReadOnlyMemory{System.Byte},System.IO.Stream,System.Threading.CancellationToken)">
            <summary>
            Processes some input, potentially returning compressed data. Flush must be called when input is complete
            to get any remaining compressed data.
            </summary>
            <param name="input">Uncompressed data to emit.</param>
            <param name="stream">Output stream.</param>
            <param name="cancellationToken">Cancellation token.</param>
            <returns>A block of memory with compressed data (if any). Must be used before any subsequent call to Write.</returns>
        </member>
        <member name="M:Snappier.Internal.SnappyStreamCompressor.CompressInput(System.ReadOnlySpan{System.Byte})">
            <summary>
            Processes up to one entire block from the input, potentially combining with previous input blocks.
            Fills the compressed data to the output buffer. Will not process more than one output block at a time
            to avoid overflowing the output buffer.
            </summary>
            <param name="input">Input to compress.</param>
            <returns>Number of bytes consumed.</returns>
        </member>
        <member name="T:Snappier.Internal.SnappyStreamDecompressor">
            <summary>
            Parses the stream format used for Snappy streams.
            </summary>
        </member>
        <member name="M:Snappier.Internal.SnappyStreamDecompressor.ReadChunkCrc(System.ReadOnlySpan{System.Byte}@)">
            <summary>
            Assuming that we're at the beginning of a chunk, reads the CRC. If partially read, stores the value in
            Scratch for subsequent reads. Should not be called if chunkByteProcessed >= 4.
            </summary>
        </member>
        <member name="F:Snappier.Internal.VarIntEncoding.MaxLength">
            <summary>
            Maximum length, in bytes, when encoding a 32-bit integer.
            </summary>
        </member>
        <member name="M:Snappier.Internal.VarIntEncoding.Write(System.Span{System.Byte},System.UInt32)">
            <summary>
            Encodes a value onto a buffer using little-ending varint encoding.
            </summary>
            <param name="buffer">Buffer to receive the value.</param>
            <param name="value">Value to encode.</param>
            <returns>Number of bytes encoded.</returns>
        </member>
        <member name="T:Snappier.Snappy">
            <summary>
            Routines for performing Snappy compression and decompression on raw data blocks using <see cref="T:System.Span`1"/>.
            These routines do not read or write any Snappy framing.
            </summary>
        </member>
        <member name="M:Snappier.Snappy.GetMaxCompressedLength(System.Int32)">
            <summary>
            For a given amount of input data, calculate the maximum potential size of the compressed output.
            </summary>
            <param name="inputLength">Length of the input data, in bytes.</param>
            <returns>The maximum potential size of the compressed output.</returns>
            <remarks>
            This is useful for allocating a sufficient output buffer before calling <see cref="M:Snappier.Snappy.Compress(System.ReadOnlySpan{System.Byte},System.Span{System.Byte})"/>.
            </remarks>
        </member>
        <member name="M:Snappier.Snappy.Compress(System.ReadOnlySpan{System.Byte},System.Span{System.Byte})">
            <summary>
            Compress a block of Snappy data.
            </summary>
            <param name="input">Data to compress.</param>
            <param name="output">Buffer to receive the compressed data.</param>
            <returns>Number of bytes written to <paramref name="output"/>.</returns>
            <exception cref="T:System.ArgumentException">Output buffer is too small.</exception>
            <exception cref="T:System.InvalidOperationException">Input and output spans must not overlap.</exception>
            <remarks>
            The output buffer must be large enough to contain the compressed output.
            </remarks>
        </member>
        <member name="M:Snappier.Snappy.TryCompress(System.ReadOnlySpan{System.Byte},System.Span{System.Byte},System.Int32@)">
            <summary>
            Attempt to compress the input data into the output buffer.
            </summary>
            <param name="input">Data to compress.</param>
            <param name="output">Buffer to receive the compressed data.</param>
            <param name="bytesWritten">Number of bytes written to the <paramref name="output"/>.</param>
            <exception cref="T:System.InvalidOperationException">Input and output spans must not overlap.</exception>
            <returns><c>true</c> if the compression was successful, <c>false</c> if the output buffer is too small.</returns>
        </member>
        <member name="M:Snappier.Snappy.Compress(System.Buffers.ReadOnlySequence{System.Byte},System.Buffers.IBufferWriter{System.Byte})">
            <summary>
            Compress a block of Snappy data.
            </summary>
            <param name="input">Data to compress.</param>
            <param name="output">Buffer writer to receive the compressed data.</param>
            <exception cref="T:System.ArgumentNullException"><paramref name="output"/> is null.</exception>
            <exception cref="T:System.ArgumentException"><paramref name="input"/> is larger than the maximum of 4,294,967,295 bytes.</exception>
            <remarks>
                <para>
                For the best performance, sequences with more than one segement should be comprised of segments some multiple of 64KB
                in size (i.e. 64KB or 128KB or 256KB each) with only the final segment varying.
                </para>
            </remarks>
        </member>
        <member name="M:Snappier.Snappy.CompressToMemory(System.ReadOnlySpan{System.Byte})">
            <summary>
            Compress a block of Snappy data.
            </summary>
            <param name="input">Data to compress.</param>
            <returns>An <see cref="T:System.Buffers.IMemoryOwner`1"/> with the compressed data. The caller is responsible for disposing this object.</returns>
            <remarks>
            Failing to dispose of the returned <see cref="T:System.Buffers.IMemoryOwner`1"/> may result in performance loss.
            </remarks>
        </member>
        <member name="M:Snappier.Snappy.CompressToArray(System.ReadOnlySpan{System.Byte})">
            <summary>
            Compress a block of Snappy data.
            </summary>
            <param name="input">Data to compress.</param>
            <remarks>
            The resulting byte array is allocated on the heap. If possible, <see cref="M:Snappier.Snappy.CompressToMemory(System.ReadOnlySpan{System.Byte})"/> should
            be used instead since it uses a shared buffer pool.
            </remarks>
        </member>
        <member name="M:Snappier.Snappy.GetUncompressedLength(System.ReadOnlySpan{System.Byte})">
            <summary>
            Get the uncompressed data length from a compressed Snappy block.
            </summary>
            <param name="input">Compressed snappy block.</param>
            <returns>The length of the uncompressed data in the block.</returns>
            <exception cref="T:System.IO.InvalidDataException">The data in <paramref name="input"/> has an invalid length.</exception>
            <remarks>
            This is useful for allocating a sufficient output buffer before calling <see cref="M:Snappier.Snappy.Decompress(System.ReadOnlySpan{System.Byte},System.Span{System.Byte})"/>.
            </remarks>
        </member>
        <member name="M:Snappier.Snappy.Decompress(System.ReadOnlySpan{System.Byte},System.Span{System.Byte})">
            <summary>
            Decompress a block of Snappy data. This must be an entire block.
            </summary>
            <param name="input">Data to decompress.</param>
            <param name="output">Buffer to receive the decompressed data.</param>
            <returns>Number of bytes written to <paramref name="output"/>.</returns>
            <exception cref="T:System.IO.InvalidDataException">Invalid Snappy block.</exception>
            <exception cref="T:System.ArgumentException">Output buffer is too small.</exception>
        </member>
        <member name="M:Snappier.Snappy.TryDecompress(System.ReadOnlySpan{System.Byte},System.Span{System.Byte},System.Int32@)">
            <summary>
            Decompress a block of Snappy data. This must be an entire block.
            </summary>
            <param name="input">Data to decompress.</param>
            <param name="output">Buffer to receive the decompressed data.</param>
            <param name="bytesWritten">Number of bytes written to the <paramref name="output"/>.</param>
            <returns><c>true</c> if the compression was successful, <c>false</c> if the output buffer is too small.</returns>
            <exception cref="T:System.IO.InvalidDataException">Invalid Snappy block.</exception>
        </member>
        <member name="M:Snappier.Snappy.Decompress(System.Buffers.ReadOnlySequence{System.Byte},System.Buffers.IBufferWriter{System.Byte})">
            <summary>
            Decompress a block of Snappy data. This must be an entire block.
            </summary>
            <param name="input">Data to decompress.</param>
            <param name="output">Buffer writer to receive the decompressed data.</param>
            <exception cref="T:System.IO.InvalidDataException">Invalid Snappy block.</exception>
        </member>
        <member name="M:Snappier.Snappy.DecompressToMemory(System.ReadOnlySpan{System.Byte})">
            <summary>
            Decompress a block of Snappy data to a new memory buffer. This must be an entire block.
            </summary>
            <param name="input">Data to decompress.</param>
            <returns>An <see cref="T:System.Buffers.IMemoryOwner`1"/> with the decompressed data. The caller is responsible for disposing this object.</returns>
            <exception cref="T:System.IO.InvalidDataException">Incomplete Snappy block.</exception>
            <remarks>
            Failing to dispose of the returned <see cref="T:System.Buffers.IMemoryOwner`1"/> may result in performance loss.
            </remarks>
        </member>
        <member name="M:Snappier.Snappy.DecompressToMemory(System.Buffers.ReadOnlySequence{System.Byte})">
            <summary>
            Decompress a block of Snappy data to a new memory buffer. This must be an entire block.
            </summary>
            <param name="input">Data to decompress.</param>
            <returns>An <see cref="T:System.Buffers.IMemoryOwner`1"/> with the decompressed data. The caller is responsible for disposing this object.</returns>
            <exception cref="T:System.IO.InvalidDataException">Incomplete Snappy block.</exception>
            <remarks>
            Failing to dispose of the returned <see cref="T:System.Buffers.IMemoryOwner`1"/> may result in performance loss.
            </remarks>
        </member>
        <member name="M:Snappier.Snappy.DecompressToArray(System.ReadOnlySpan{System.Byte})">
            <summary>
            Decompress a block of Snappy to a new byte array. This must be an entire block.
            </summary>
            <param name="input">Data to decompress.</param>
            <returns>The decompressed data.</returns>
            <exception cref="T:System.IO.InvalidDataException">Invalid Snappy block.</exception>
            <remarks>
            The resulting byte array is allocated on the heap. If possible, <see cref="M:Snappier.Snappy.DecompressToMemory(System.ReadOnlySpan{System.Byte})"/> should
            be used instead since it uses a shared buffer pool.
            </remarks>
        </member>
        <member name="T:Snappier.SnappyStream">
            <summary>
            Stream which supports compressing or decompressing data using the Snappy compression algorithm.
            To decompress data, supply a stream to be read. To compress data, provide a stream to be written to.
            </summary>
        </member>
        <member name="M:Snappier.SnappyStream.#ctor(System.IO.Stream,System.IO.Compression.CompressionMode)">
            <summary>
            Create a stream which supports compressing or decompressing data using the Snappy compression algorithm.
            To decompress data, supply a stream to be read. To compress data, provide a stream to be written to.
            </summary>
            <param name="stream">Source or destination stream.</param>
            <param name="mode">Compression or decompression mode.</param>
            <exception cref="T:System.ArgumentNullException"><paramref name="stream"/> is null.</exception>
            <exception cref="T:System.ArgumentException">Stream read/write capability doesn't match with <paramref name="mode"/>.</exception>
            <exception cref="T:System.ArgumentOutOfRangeException">Invalid <paramref name="mode"/>.</exception>
            <remarks>
            The stream will be closed when the SnappyStream is closed.
            </remarks>
        </member>
        <member name="M:Snappier.SnappyStream.#ctor(System.IO.Stream,System.IO.Compression.CompressionMode,System.Boolean)">
            <summary>
            Create a stream which supports compressing or decompressing data using the Snappy compression algorithm.
            To decompress data, supply a stream to be read. To compress data, provide a stream to be written to.
            </summary>
            <param name="stream">Source or destination stream.</param>
            <param name="mode">Compression or decompression mode.</param>
            <param name="leaveOpen">If true, leave the inner stream open when the SnappyStream is closed.</param>
            <exception cref="T:System.ArgumentNullException"><paramref name="stream"/> is null.</exception>
            <exception cref="T:System.ArgumentException">Stream read/write capability doesn't match with <paramref name="mode"/>.</exception>
            <exception cref="T:System.ArgumentOutOfRangeException">Invalid <paramref name="mode"/>.</exception>
        </member>
        <member name="P:Snappier.SnappyStream.BaseStream">
            <summary>
            The base stream being read from or written to.
            </summary>
        </member>
        <member name="P:Snappier.SnappyStream.CanRead">
            <inheritdoc />
        </member>
        <member name="P:Snappier.SnappyStream.CanWrite">
            <inheritdoc />
        </member>
        <member name="P:Snappier.SnappyStream.CanSeek">
            <inheritdoc />
        </member>
        <member name="P:Snappier.SnappyStream.Length">
            <inheritdoc />
        </member>
        <member name="P:Snappier.SnappyStream.Position">
            <inheritdoc />
        </member>
        <member name="M:Snappier.SnappyStream.Flush">
            <inheritdoc />
        </member>
        <member name="M:Snappier.SnappyStream.FlushAsync(System.Threading.CancellationToken)">
            <inheritdoc />
        </member>
        <member name="M:Snappier.SnappyStream.Seek(System.Int64,System.IO.SeekOrigin)">
            <inheritdoc />
        </member>
        <member name="M:Snappier.SnappyStream.SetLength(System.Int64)">
            <inheritdoc />
        </member>
        <member name="M:Snappier.SnappyStream.Read(System.Byte[],System.Int32,System.Int32)">
            <inheritdoc />
        </member>
        <member name="M:Snappier.SnappyStream.ReadAsync(System.Byte[],System.Int32,System.Int32,System.Threading.CancellationToken)">
            <inheritdoc />
        </member>
        <member name="M:Snappier.SnappyStream.Write(System.Byte[],System.Int32,System.Int32)">
            <inheritdoc />
        </member>
        <member name="M:Snappier.SnappyStream.WriteAsync(System.Byte[],System.Int32,System.Int32,System.Threading.CancellationToken)">
            <inheritdoc />
        </member>
        <member name="M:Snappier.SnappyStream.Dispose(System.Boolean)">
            <inheritdoc />
        </member>
        <member name="T:System.Diagnostics.CodeAnalysis.AllowNullAttribute">
            <summary>Specifies that null is allowed as an input even if the corresponding type disallows it.</summary>
        </member>
        <member name="T:System.Diagnostics.CodeAnalysis.DisallowNullAttribute">
            <summary>Specifies that null is disallowed as an input even if the corresponding type allows it.</summary>
        </member>
        <member name="T:System.Diagnostics.CodeAnalysis.MaybeNullAttribute">
            <summary>Specifies that an output may be null even if the corresponding type disallows it.</summary>
        </member>
        <member name="T:System.Diagnostics.CodeAnalysis.NotNullAttribute">
            <summary>Specifies that an output will not be null even if the corresponding type allows it.</summary>
        </member>
        <member name="T:System.Diagnostics.CodeAnalysis.MaybeNullWhenAttribute">
            <summary>Specifies that when a method returns <see cref="P:System.Diagnostics.CodeAnalysis.MaybeNullWhenAttribute.ReturnValue"/>, the parameter may be null even if the corresponding type disallows it.</summary>
        </member>
        <member name="M:System.Diagnostics.CodeAnalysis.MaybeNullWhenAttribute.#ctor(System.Boolean)">
            <summary>Initializes the attribute with the specified return value condition.</summary>
            <param name="returnValue">
            The return value condition. If the method returns this value, the associated parameter may be null.
            </param>
        </member>
        <member name="P:System.Diagnostics.CodeAnalysis.MaybeNullWhenAttribute.ReturnValue">
            <summary>Gets the return value condition.</summary>
        </member>
        <member name="T:System.Diagnostics.CodeAnalysis.NotNullWhenAttribute">
            <summary>Specifies that when a method returns <see cref="P:System.Diagnostics.CodeAnalysis.NotNullWhenAttribute.ReturnValue"/>, the parameter will not be null even if the corresponding type allows it.</summary>
        </member>
        <member name="M:System.Diagnostics.CodeAnalysis.NotNullWhenAttribute.#ctor(System.Boolean)">
            <summary>Initializes the attribute with the specified return value condition.</summary>
            <param name="returnValue">
            The return value condition. If the method returns this value, the associated parameter will not be null.
            </param>
        </member>
        <member name="P:System.Diagnostics.CodeAnalysis.NotNullWhenAttribute.ReturnValue">
            <summary>Gets the return value condition.</summary>
        </member>
        <member name="T:System.Diagnostics.CodeAnalysis.NotNullIfNotNullAttribute">
            <summary>Specifies that the output will be non-null if the named parameter is non-null.</summary>
        </member>
        <member name="M:System.Diagnostics.CodeAnalysis.NotNullIfNotNullAttribute.#ctor(System.String)">
            <summary>Initializes the attribute with the associated parameter name.</summary>
            <param name="parameterName">
            The associated parameter name.  The output will be non-null if the argument to the parameter specified is non-null.
            </param>
        </member>
        <member name="P:System.Diagnostics.CodeAnalysis.NotNullIfNotNullAttribute.ParameterName">
            <summary>Gets the associated parameter name.</summary>
        </member>
        <member name="T:System.Diagnostics.CodeAnalysis.DoesNotReturnAttribute">
            <summary>Applied to a method that will never return under any circumstance.</summary>
        </member>
        <member name="T:System.Diagnostics.CodeAnalysis.DoesNotReturnIfAttribute">
            <summary>Specifies that the method will not return if the associated Boolean parameter is passed the specified value.</summary>
        </member>
        <member name="M:System.Diagnostics.CodeAnalysis.DoesNotReturnIfAttribute.#ctor(System.Boolean)">
            <summary>Initializes the attribute with the specified parameter value.</summary>
            <param name="parameterValue">
            The condition parameter value. Code after the method will be considered unreachable by diagnostics if the argument to
            the associated parameter matches this value.
            </param>
        </member>
        <member name="P:System.Diagnostics.CodeAnalysis.DoesNotReturnIfAttribute.ParameterValue">
            <summary>Gets the condition parameter value.</summary>
        </member>
        <member name="T:System.Diagnostics.CodeAnalysis.MemberNotNullAttribute">
            <summary>Specifies that the method or property will ensure that the listed field and property members have not-null values.</summary>
        </member>
        <member name="M:System.Diagnostics.CodeAnalysis.MemberNotNullAttribute.#ctor(System.String)">
            <summary>Initializes the attribute with a field or property member.</summary>
            <param name="member">
            The field or property member that is promised to be not-null.
            </param>
        </member>
        <member name="M:System.Diagnostics.CodeAnalysis.MemberNotNullAttribute.#ctor(System.String[])">
            <summary>Initializes the attribute with the list of field and property members.</summary>
            <param name="members">
            The list of field and property members that are promised to be not-null.
            </param>
        </member>
        <member name="P:System.Diagnostics.CodeAnalysis.MemberNotNullAttribute.Members">
            <summary>Gets field or property member names.</summary>
        </member>
        <member name="T:System.Diagnostics.CodeAnalysis.MemberNotNullWhenAttribute">
            <summary>Specifies that the method or property will ensure that the listed field and property members have not-null values when returning with the specified return value condition.</summary>
        </member>
        <member name="M:System.Diagnostics.CodeAnalysis.MemberNotNullWhenAttribute.#ctor(System.Boolean,System.String)">
            <summary>Initializes the attribute with the specified return value condition and a field or property member.</summary>
            <param name="returnValue">
            The return value condition. If the method returns this value, the associated parameter will not be null.
            </param>
            <param name="member">
            The field or property member that is promised to be not-null.
            </param>
        </member>
        <member name="M:System.Diagnostics.CodeAnalysis.MemberNotNullWhenAttribute.#ctor(System.Boolean,System.String[])">
            <summary>Initializes the attribute with the specified return value condition and list of field and property members.</summary>
            <param name="returnValue">
            The return value condition. If the method returns this value, the associated parameter will not be null.
            </param>
            <param name="members">
            The list of field and property members that are promised to be not-null.
            </param>
        </member>
        <member name="P:System.Diagnostics.CodeAnalysis.MemberNotNullWhenAttribute.ReturnValue">
            <summary>Gets the return value condition.</summary>
        </member>
        <member name="P:System.Diagnostics.CodeAnalysis.MemberNotNullWhenAttribute.Members">
            <summary>Gets field or property member names.</summary>
        </member>
    </members>
</doc>
